"time","cal"
0.45,0.3417
0.45,-0.00438
0.45,0.82531
1.3,1.77967
1.3,0.95384
1.3,0.6408
2.4,1.75136
2.4,1.27497
2.4,1.17332
4,3.12273
4,2.60958
4,2.57429
6.1,3.17881
6.1,3.00782
6.1,2.67061
8.05,3.05959
8.05,3.94321
8.05,3.43726
11.15,4.80735
11.15,3.35583
11.15,2.78309
13.15,5.13825
13.15,4.70274
13.15,4.25702
15,3.60407
15,4.15029
15,3.42484
